{
  "target_size": "{750,750}",
  "back_color": "#FFFFFF",
  "sysImages": [
    {
      "view_id": 0,
      "z_index": 5,
      "frame": "0,0,750,750",
      "image_name": "poster105_1.png"
    },
    {
      "view_id": 1,
      "z_index": 6,
      "frame": "0,0,750,750",
      "image_name": "poster105_2.png"
    }
  ],
  "userImages": [
    {
      "view_id": 2,
      "z_index": 4,
      "frames": {
        "1": "0,300,750,449"
      },
      "masks": {
        "1": "",
        "view_id": 3
      }
    }
  ],
  "texts": [
    {
      "view_id": 4,
      "z_index": 21,
      "frame": "16,70,717,44",
      "font_size": 18,
      "deafult_text": "MY SHOP",
      "v_alignment": 1,
      "text_color": "#FFFFFF",
      "alignment": 1
    },
    {
      "view_id": 5,
      "z_index": 21,
      "frame": "180,124,390,66",
      "font_size": 24,
      "text_color": "#fb6497",
      "back_color": "#FFFFFF",
      "deafult_text": "你的美丽只缺它",
      "v_alignment": 1,
      "alignment": 1
    },
    {
      "view_id": 6,
      "z_index": 21,
      "frame": "16,208,717,36",
      "font_size": 16,
      "text_color": "#FFFFFF",
      "deafult_text": "微信：18888888",
      "v_alignment": 1,
      "alignment": 1
    }
  ]
}