{
  "target_size": "{750,1334}",
  "back_color": "#f1feea",
  "sysImages": [
    {
      "view_id": 0,
      "z_index": 3,
      "frame": "0,0,750,1334",
      "image_name": "poster127.png"
    }
  ],
  "userImages": [
    {
      "view_id": 1,
      "z_index": 4,
      "frames": {
        "1": "0,0,750,569"
      },
      "masks": {
        "1": "",
        "view_id": 2
      }
    }
  ],
  "texts": [
    {
      "view_id": 3,
      "z_index": 26,
      "frame": "154,603,439,59",
      "font_size": 20,
      "text_color": "#000000",
      "deafult_text": "台湾有机食品",
      "v_alignment": 1,
      "alignment": 1
    },
    {
      "view_id": 4,
      "z_index": 21,
      "frame": "0,671,750,32",
      "font_size": 15,
      "deafult_text": "有买有送！限时限量，先抢先得！",
      "v_alignment": 1,
      "text_color": "#000000",
      "alignment": 1
    },
    {
      "view_id": 5,
      "z_index": 21,
      "frame": "0,720,750,32",
      "font_size": 12,
      "deafult_text": "活动时间：2016.5.8-5.18",
      "v_alignment": 1,
      "text_color": "#000000",
      "alignment": 1
    },
    {
      "view_id": 6,
      "z_index": 21,
      "frame": "82,811,571,48",
      "font_size": 13,
      "deafult_text": "产品详情",
      "v_alignment": 1,
      "text_color": "#c59d2c",
      "alignment": 1
    },
    {
      "view_id": 7,
      "z_index": 21,
      "frame": "76,881,72,37",
      "font_size": 11,
      "deafult_text": "品名:",
      "v_alignment": 0,
      "text_color": "#c59d2c",
      "alignment": 0
    },
    {
      "view_id": 8,
      "z_index": 21,
      "frame": "76,937,72,40",
      "font_size": 11,
      "deafult_text": "成分:",
      "v_alignment": 0,
      "number_lines": 0,
      "text_color": "#c59d2c",
      "alignment": 0
    },
    {
      "view_id": 9,
      "z_index": 21,
      "frame": "76,1056,147,35",
      "font_size": 11,
      "number_lines": 0,
      "deafult_text": "食品添加剂:",
      "v_alignment": 0,
      "text_color": "#c59d2c",
      "alignment": 0
    },
    {
      "view_id": 10,
      "z_index": 21,
      "frame": "76,1110,72,37",
      "font_size": 11,
      "number_lines": 0,
      "deafult_text": "口味:",
      "v_alignment": 0,
      "text_color": "#c59d2c",
      "alignment": 0
    },
    {
      "view_id": 11,
      "z_index": 21,
      "frame": "72,1163,72,41",
      "font_size": 11,
      "number_lines": 0,
      "deafult_text": "产地:",
      "v_alignment": 0,
      "text_color": "#c59d2c",
      "alignment": 0
    },
    {
      "view_id": 12,
      "z_index": 21,
      "frame": "392,881,72,37",
      "font_size": 11,
      "number_lines": 0,
      "deafult_text": "净重:",
      "v_alignment": 0,
      "text_color": "#c59d2c",
      "alignment": 0
    },
    {
      "view_id": 13,
      "z_index": 21,
      "frame": "392,937,115,38",
      "font_size": 11,
      "number_lines": 0,
      "deafult_text": "储存方法:",
      "v_alignment": 0,
      "text_color": "#c59d2c",
      "alignment": 0
    },
    {
      "view_id": 14,
      "z_index": 21,
      "frame": "392,992,115,41",
      "font_size": 11,
      "number_lines": 0,
      "deafult_text": "生产许可:",
      "v_alignment": 0,
      "text_color": "#c59d2c",
      "alignment": 0
    },
    {
      "view_id": 15,
      "z_index": 21,
      "frame": "395,1052,115,39",
      "font_size": 11,
      "number_lines": 0,
      "deafult_text": "生产日期:",
      "v_alignment": 0,
      "text_color": "#c59d2c",
      "alignment": 0
    },
    {
      "view_id": 16,
      "z_index": 21,
      "frame": "392,1110,97,37",
      "font_size": 11,
      "number_lines": 0,
      "deafult_text": "保质期:",
      "v_alignment": 0,
      "text_color": "#c59d2c",
      "alignment": 0
    },
    {
      "view_id": 17,
      "z_index": 21,
      "frame": "392,1163,119,41",
      "font_size": 11,
      "number_lines": 0,
      "deafult_text": "联系方式:",
      "v_alignment": 0,
      "text_color": "#c59d2c",
      "alignment": 0
    },
    {
      "view_id": 18,
      "z_index": 21,
      "frame": "154,881,200,37",
      "font_size": 11,
      "number_lines": 0,
      "deafult_text": "凤梨酥美食糕",
      "v_alignment": 0,
      "text_color": "#000000",
      "alignment": 0
    },
    {
      "view_id": 19,
      "z_index": 21,
      "frame": "154,937,200,38",
      "font_size": 11,
      "number_lines": 0,
      "deafult_text": "面粉 鸡蛋 凤梨",
      "v_alignment": 0,
      "text_color": "#000000",
      "alignment": 0
    },
    {
      "view_id": 20,
      "z_index": 21,
      "frame": "76,995,260,41",
      "font_size": 11,
      "number_lines": 0,
      "deafult_text": "奶油食盐等",
      "v_alignment": 0,
      "text_color": "#000000",
      "alignment": 0
    },
    {
      "view_id": 21,
      "z_index": 21,
      "frame": "229,1056,131,35",
      "font_size": 11,
      "number_lines": 0,
      "deafult_text": "无",
      "v_alignment": 0,
      "text_color": "#000000",
      "alignment": 0
    },
    {
      "view_id": 22,
      "z_index": 21,
      "frame": "150,1110,192,38",
      "font_size": 11,
      "number_lines": 0,
      "deafult_text": "甜味",
      "v_alignment": 0,
      "text_color": "#000000",
      "alignment": 0
    },
    {
      "view_id": 23,
      "z_index": 21,
      "frame": "150,1163,192,41",
      "font_size": 11,
      "number_lines": 0,
      "deafult_text": "中国台湾",
      "v_alignment": 0,
      "text_color": "#000000",
      "alignment": 0
    },
    {
      "view_id": 24,
      "z_index": 21,
      "frame": "467,881,180,40",
      "font_size": 11,
      "number_lines": 0,
      "deafult_text": "500g",
      "v_alignment": 0,
      "text_color": "#000000",
      "alignment": 0
    },
    {
      "view_id": 25,
      "z_index": 21,
      "frame": "516,937,140,40",
      "font_size": 11,
      "number_lines": 0,
      "deafult_text": "常温",
      "v_alignment": 0,
      "text_color": "#000000",
      "alignment": 0
    },
    {
      "view_id": 26,
      "z_index": 21,
      "frame": "516,991,140,40",
      "font_size": 11,
      "number_lines": 0,
      "deafult_text": "QS010455",
      "v_alignment": 0,
      "text_color": "#000000",
      "alignment": 0
    },
    {
      "view_id": 27,
      "z_index": 21,
      "frame": "519,1052,140,41",
      "font_size": 11,
      "number_lines": 0,
      "deafult_text": "见外包装",
      "v_alignment": 0,
      "text_color": "#000000",
      "alignment": 0
    },
    {
      "view_id": 28,
      "z_index": 21,
      "frame": "495,1110,157,40",
      "font_size": 11,
      "number_lines": 0,
      "deafult_text": "6个月",
      "v_alignment": 0,
      "text_color": "#000000",
      "alignment": 0
    },
    {
      "view_id": 29,
      "z_index": 21,
      "frame": "516,1165,157,40",
      "font_size": 11,
      "number_lines": 0,
      "deafult_text": "18888888",
      "v_alignment": 0,
      "text_color": "#000000",
      "alignment": 0
    }
  ]
}