{
  "target_size": "{750,1334}",
  "back_color": "#f5f1e8",
  "sysImages": [
    {
      "view_id": 0,
      "z_index": 3,
      "frame": "0,0,750,1334",
      "image_name": "poster120.png"
    }
  ],
  "userImages": [
    {
      "view_id": 1,
      "z_index": 2,
      "frames": {
        "1": "0,0,750,511"
      },
      "masks": {
        "1": "",
        "view_id": 2
      }
    }
  ],
  "texts": [
    {
      "view_id": 3,
      "z_index": 26,
      "frame": "41,608,300,60",
      "font_size": 17,
      "text_color": "#000000",
      "deafult_text": "舒适性",
      "v_alignment": 0,
      "alignment": 0
    },
    {
      "view_id": 4,
      "z_index": 26,
      "frame": "41,679,297,164",
      "font_size": 15,
      "number_lines": 4,
      "text_color": "#47433a",
      "deafult_text": "天然材料，手感柔软，穿着感觉轻松舒适",
      "v_alignment": 0,
      "alignment": 0
    },
    {
      "view_id": 5,
      "z_index": 26,
      "frame": "411,737,300,60",
      "font_size": 17,
      "text_color": "#000000",
      "deafult_text": "环保性",
      "v_alignment": 0,
      "alignment": 0
    },
    {
      "view_id": 6,
      "z_index": 26,
      "frame": "411,815,297,154",
      "font_size": 15,
      "text_color": "#47433a",
      "number_lines": 4,
      "deafult_text": "对肌肤无任何刺激，无副作用；久穿对人体无害；卫生性能好",
      "v_alignment": 0,
      "alignment": 0
    },
    {
      "view_id": 7,
      "z_index": 16,
      "frame": "41,881,300,60",
      "font_size": 17,
      "text_color": "#000000",
      "deafult_text": "柔软性",
      "v_alignment": 0,
      "alignment": 0
    },
    {
      "view_id": 8,
      "z_index": 26,
      "frame": "41,954,297,154",
      "font_size": 15,
      "text_color": "#47433a",
      "number_lines": 4,
      "deafult_text": "非常柔软的优质材料亲肤性能特别好，柔和无刺激",
      "v_alignment": 0,
      "alignment": 0
    },
    {
      "view_id": 9,
      "z_index": 16,
      "frame": "411,1028,300,60",
      "font_size": 17,
      "text_color": "#000000",
      "deafult_text": "吸湿性",
      "v_alignment": 0,
      "alignment": 0
    },
    {
      "view_id": 10,
      "z_index": 26,
      "frame": "411,1099,297,154",
      "font_size": 15,
      "text_color": "#47433a",
      "number_lines": 4,
      "deafult_text": "棉纱纤维具有较好的吸湿性，长期穿着对肌肤有益无害",
      "v_alignment": 0,
      "alignment": 0
    },
    {
      "view_id": 11,
      "z_index": 26,
      "frame": "0,179,750,47",
      "font_size": 19,
      "text_color": "#f85a19",
      "deafult_text": "·FASHION·",
      "v_alignment": 1,
      "alignment": 1
    },
    {
      "view_id": 12,
      "z_index": 19,
      "frame": "0,226,750,53",
      "font_size": 22,
      "text_color": "#f85a19",
      "deafult_text": "新品首发 时尚赴约",
      "v_alignment": 1,
      "alignment": 1
    },
    {
      "view_id": 13,
      "z_index": 12,
      "frame": "0,291,750,47",
      "font_size": 16,
      "text_color": "#f85a19",
      "deafult_text": "2016夏季新品全面上线",
      "v_alignment": 1,
      "alignment": 1
    }
  ]
}